ProductID,ProductDescription
P0001,TV - Dell Model 370
P0002,Computer - Dell Model 120
P0003,Camera - Apple Model 314
P0004,Computer - Apple Model 187
P0005,Video - LG Model 971
P0006,Computer - HP Model 408
P0007,Camera - LG Model 513
P0008,Camera - LG Model 376
P0009,Audio - LG Model 413
P0010,Video - LG Model 956
P0011,Audio - Apple Model 158
P0012,Camera - LG Model 799
P0013,Computer - LG Model 666
P0014,TV - Sony Model 230
P0015,Video - Apple Model 746
P0016,Video - Sony Model 266
P0017,Camera - LG Model 700
P0018,TV - HP Model 341
P0019,Camera - Sony Model 445
P0020,Video - Samsung Model 439
P0021,TV - LG Model 554
P0022,TV - Dell Model 875
P0023,Computer - HP Model 180
P0024,TV - Samsung Model 971
P0025,TV - Samsung Model 489
P0026,Camera - LG Model 921
P0027,Video - Samsung Model 829
P0028,TV - Samsung Model 301
P0029,TV - HP Model 962
P0030,TV - Sony Model 801
P0031,Video - Dell Model 437
P0032,Video - Samsung Model 316
P0033,TV - LG Model 479
P0034,Video - Sony Model 256
P0035,Video - Sony Model 956
P0036,Audio - Sony Model 747
P0037,Computer - Apple Model 692
P0038,Computer - Apple Model 388
P0039,Computer - Dell Model 589
P0040,Camera - Sony Model 127
P0041,Audio - LG Model 132
P0042,Video - Apple Model 783
P0043,Computer - Apple Model 838
P0044,Video - HP Model 742
P0045,Audio - Dell Model 317
P0046,Computer - Sony Model 306
P0047,Camera - Samsung Model 991
P0048,Video - Apple Model 674
P0049,Audio - LG Model 195
P0050,TV - HP Model 584
P0051,Video - Apple Model 640
P0052,TV - Dell Model 259
P0053,Computer - Apple Model 185
P0054,TV - Samsung Model 781
P0055,Video - HP Model 745
P0056,TV - LG Model 719
P0057,TV - LG Model 897
P0058,Computer - Samsung Model 447
P0059,Audio - HP Model 324
P0060,Audio - Sony Model 382
P0061,Audio - LG Model 844
P0062,Computer - HP Model 555
P0063,Computer - Sony Model 417
P0064,Video - Sony Model 918
P0065,Camera - LG Model 763
P0066,Computer - HP Model 771
P0067,Audio - LG Model 212
P0068,Audio - Samsung Model 663
P0069,TV - HP Model 906
P0070,Camera - Apple Model 212
P0071,Video - Sony Model 180
P0072,Computer - Sony Model 101
P0073,Camera - LG Model 665
P0074,Video - Sony Model 484
P0075,Computer - HP Model 229
P0076,Video - LG Model 829
P0077,TV - Apple Model 283
P0078,Computer - Sony Model 866
P0079,Video - LG Model 709
P0080,Computer - Sony Model 300
P0081,TV - Apple Model 425
P0082,Video - Apple Model 759
P0083,TV - Apple Model 502
P0084,Camera - Apple Model 610
P0085,Computer - LG Model 963
P0086,TV - Sony Model 739
P0087,Camera - Sony Model 878
P0088,TV - Sony Model 572
P0089,Camera - HP Model 397
P0090,Computer - LG Model 243
P0091,Camera - Sony Model 671
P0092,Audio - Samsung Model 996
P0093,TV - Dell Model 136
P0094,Computer - Sony Model 332
P0095,Computer - Apple Model 915
P0096,Computer - LG Model 251
P0097,Audio - LG Model 686
P0098,Audio - LG Model 521
P0099,TV - HP Model 326
P0100,Audio - Apple Model 252
P0101,Video - Samsung Model 995
P0102,Camera - Samsung Model 921
P0103,Computer - Dell Model 780
P0104,TV - Sony Model 679
P0105,Audio - HP Model 376
P0106,TV - Apple Model 500
P0107,Audio - LG Model 982
P0108,Video - Apple Model 537
P0109,Computer - Apple Model 325
P0110,Video - HP Model 708
P0111,TV - Sony Model 552
P0112,TV - Dell Model 915
P0113,Computer - LG Model 646
P0114,Audio - Sony Model 271
P0115,TV - HP Model 576
P0116,Video - HP Model 198
P0117,TV - Sony Model 136
P0118,Video - Sony Model 401
P0119,Video - Apple Model 799
P0120,Audio - LG Model 290
P0121,Video - Dell Model 260
P0122,Computer - Samsung Model 892
P0123,Camera - HP Model 669
P0124,Computer - HP Model 891
P0125,Camera - HP Model 762
P0126,Camera - Apple Model 589
P0127,Camera - Samsung Model 884
P0128,Audio - Sony Model 910
P0129,Video - Samsung Model 858
P0130,Camera - Apple Model 917
P0131,Audio - Dell Model 927
P0132,Camera - Sony Model 135
P0133,Video - LG Model 420
P0134,TV - Apple Model 570
P0135,TV - Samsung Model 933
P0136,Computer - Sony Model 797
P0137,Video - HP Model 413
P0138,Camera - HP Model 404
P0139,TV - Samsung Model 937
P0140,Computer - LG Model 712
P0141,Audio - Dell Model 671
P0142,TV - LG Model 104
P0143,TV - HP Model 976
P0144,TV - HP Model 146
P0145,Computer - LG Model 755
P0146,Video - Samsung Model 735
P0147,Camera - HP Model 758
P0148,Audio - Apple Model 703
P0149,Camera - Samsung Model 840
P0150,Camera - Dell Model 929
P0151,Audio - LG Model 740
P0152,Camera - Samsung Model 612
P0153,Camera - HP Model 217
P0154,Audio - Dell Model 984
P0155,Audio - Dell Model 803
P0156,Video - HP Model 960
P0157,Computer - LG Model 253
P0158,Computer - Dell Model 185
P0159,Audio - Dell Model 319
P0160,Video - Sony Model 193
P0161,TV - Dell Model 303
P0162,Camera - Samsung Model 531
P0163,Video - LG Model 388
P0164,Video - Samsung Model 621
P0165,Video - LG Model 901
P0166,TV - Samsung Model 861
P0167,Computer - Samsung Model 707
P0168,Audio - Dell Model 615
P0169,Camera - Sony Model 995
P0170,Computer - LG Model 763
P0171,TV - Samsung Model 774
P0172,TV - Sony Model 790
P0173,Computer - Dell Model 367
P0174,Computer - Sony Model 516
P0175,Camera - Apple Model 655
P0176,Video - Dell Model 111
P0177,Camera - Dell Model 598
P0178,Camera - Apple Model 826
P0179,Audio - Samsung Model 875
P0180,Video - Samsung Model 701
P0181,Camera - Apple Model 716
P0182,TV - Samsung Model 600
P0183,Camera - Dell Model 174
P0184,Video - LG Model 828
P0185,Video - Dell Model 860
P0186,TV - Samsung Model 968
P0187,Audio - Apple Model 788
P0188,Computer - LG Model 195
P0189,Video - LG Model 468
P0190,Video - Sony Model 966
P0191,Audio - HP Model 372
P0192,Audio - HP Model 695
P0193,Audio - HP Model 496
P0194,Computer - Apple Model 276
P0195,TV - LG Model 544
P0196,Audio - Apple Model 175
P0197,Audio - LG Model 817
P0198,TV - Apple Model 605
P0199,Video - Dell Model 198
P0200,TV - Sony Model 990
P0201,Video - LG Model 664
P0202,Audio - Dell Model 792
P0203,Camera - Samsung Model 497
P0204,Camera - Dell Model 262
P0205,Video - Apple Model 942
P0206,Camera - LG Model 108
P0207,Camera - Samsung Model 591
P0208,Audio - Dell Model 329
P0209,Video - Samsung Model 492
P0210,Camera - Apple Model 733
P0211,Camera - Dell Model 128
P0212,Video - HP Model 438
P0213,Video - Sony Model 441
P0214,TV - Sony Model 610
P0215,Audio - Dell Model 231
P0216,TV - HP Model 351
P0217,Computer - Dell Model 975
P0218,Computer - Samsung Model 957
P0219,Computer - HP Model 550
P0220,Video - Dell Model 853
P0221,TV - HP Model 157
P0222,TV - LG Model 555
P0223,Video - Sony Model 100
P0224,Computer - Dell Model 447
P0225,Audio - LG Model 468
P0226,Audio - Sony Model 216
P0227,Camera - LG Model 784
P0228,Video - Dell Model 914
P0229,Video - HP Model 312
P0230,Computer - LG Model 328
P0231,TV - Apple Model 758
P0232,TV - Sony Model 501
P0233,Audio - Sony Model 625
P0234,Audio - Dell Model 665
P0235,Computer - Sony Model 111
P0236,Camera - HP Model 507
P0237,TV - Dell Model 107
P0238,Camera - LG Model 775
P0239,Camera - Samsung Model 415
P0240,Camera - LG Model 831
P0241,Video - Sony Model 839
P0242,Computer - HP Model 244
P0243,Audio - Sony Model 823
P0244,Video - LG Model 851
P0245,Video - Dell Model 657
P0246,Computer - Dell Model 489
P0247,Camera - Apple Model 355
P0248,Video - Sony Model 549
P0249,Camera - HP Model 341
P0250,Computer - Dell Model 104
P0251,Audio - HP Model 164
P0252,Camera - Sony Model 878
P0253,Video - Samsung Model 162
P0254,Audio - HP Model 926
P0255,Computer - Sony Model 560
P0256,Audio - Samsung Model 204
P0257,Computer - Sony Model 504
P0258,TV - Sony Model 808
P0259,Video - HP Model 870
P0260,Video - Dell Model 664
P0261,Video - Samsung Model 557
P0262,Computer - Sony Model 184
P0263,Audio - HP Model 100
P0264,Computer - Dell Model 816
P0265,TV - HP Model 548
P0266,Audio - Samsung Model 447
P0267,Camera - Samsung Model 773
P0268,Computer - Apple Model 405
P0269,TV - Sony Model 153
P0270,TV - Dell Model 833
P0271,Computer - Sony Model 500
P0272,Video - Dell Model 677
P0273,Computer - Apple Model 202
P0274,TV - Samsung Model 905
P0275,Camera - Samsung Model 949
P0276,Computer - Apple Model 546
P0277,Camera - LG Model 348
P0278,Audio - LG Model 641
P0279,Camera - Apple Model 180
P0280,Video - Dell Model 237
P0281,Audio - Samsung Model 884
P0282,TV - LG Model 168
P0283,Camera - HP Model 152
P0284,Camera - Dell Model 225
P0285,Computer - Apple Model 851
P0286,Computer - Apple Model 210
P0287,Audio - Apple Model 473
P0288,TV - LG Model 795
P0289,Audio - Apple Model 963
P0290,Computer - Apple Model 192
P0291,Camera - Dell Model 733
P0292,Computer - Apple Model 888
P0293,Video - Samsung Model 703
P0294,Camera - Dell Model 633
P0295,Video - HP Model 612
P0296,Video - Sony Model 623
P0297,Camera - HP Model 645
P0298,Audio - HP Model 829
P0299,Video - Apple Model 172
P0300,Camera - Sony Model 146
P0301,Audio - HP Model 338
P0302,Computer - Dell Model 436
P0303,Camera - LG Model 356
P0304,Audio - Apple Model 352
P0305,TV - HP Model 625
P0306,Camera - LG Model 177
P0307,Camera - Dell Model 765
P0308,Computer - Apple Model 106
P0309,Computer - HP Model 462
P0310,TV - Dell Model 373
P0311,Camera - HP Model 838
P0312,Computer - Sony Model 730
P0313,Video - LG Model 813
P0314,Audio - Sony Model 330
P0315,Camera - HP Model 911
P0316,Audio - Sony Model 624
P0317,TV - Sony Model 679
P0318,Camera - Apple Model 332
P0319,Video - Samsung Model 210
P0320,TV - HP Model 133
P0321,Audio - LG Model 694
P0322,Camera - Sony Model 712
P0323,TV - Samsung Model 419
P0324,Camera - Apple Model 414
P0325,Video - HP Model 840
P0326,Audio - Sony Model 536
P0327,Video - HP Model 681
P0328,TV - HP Model 942
P0329,Audio - Apple Model 342
P0330,Video - LG Model 322
P0331,Camera - LG Model 831
P0332,Computer - LG Model 946
P0333,Audio - HP Model 603
P0334,Computer - HP Model 540
P0335,Camera - Apple Model 491
P0336,Camera - Apple Model 272
P0337,TV - Dell Model 425
P0338,Camera - HP Model 935
P0339,Computer - LG Model 324
P0340,TV - Sony Model 239
P0341,Audio - Samsung Model 753
P0342,Video - HP Model 238
P0343,TV - Dell Model 358
P0344,Audio - HP Model 789
P0345,Camera - Dell Model 749
P0346,TV - Samsung Model 112
P0347,Camera - LG Model 420
P0348,Video - Sony Model 884
P0349,Audio - Apple Model 649
P0350,Computer - HP Model 194
P0351,Audio - Dell Model 417
P0352,TV - LG Model 433
P0353,Video - Apple Model 236
P0354,Camera - LG Model 646
P0355,Audio - HP Model 671
P0356,Video - Apple Model 972
P0357,Video - HP Model 927
P0358,Computer - Dell Model 264
P0359,Video - Apple Model 478
P0360,Camera - HP Model 231
P0361,Audio - Dell Model 141
P0362,Audio - Samsung Model 395
P0363,Computer - Dell Model 521
P0364,Audio - Sony Model 764
P0365,Audio - Sony Model 602
P0366,Camera - HP Model 920
P0367,Computer - Apple Model 297
P0368,Computer - Apple Model 653
P0369,TV - Dell Model 388
P0370,TV - HP Model 330
P0371,Computer - LG Model 256
P0372,Audio - Sony Model 510
P0373,Audio - HP Model 295
P0374,Camera - Samsung Model 616
P0375,Computer - Samsung Model 964
P0376,Video - LG Model 976
P0377,TV - Dell Model 747
P0378,Video - Dell Model 146
P0379,TV - LG Model 784
P0380,Camera - Apple Model 194
P0381,Computer - Apple Model 391
P0382,Camera - Apple Model 382
P0383,Video - LG Model 110
P0384,Camera - HP Model 233
P0385,Camera - HP Model 462
P0386,TV - Samsung Model 240
P0387,Camera - Sony Model 722
P0388,TV - Apple Model 559
P0389,TV - LG Model 423
P0390,Video - Dell Model 939
P0391,Camera - Sony Model 703
P0392,Camera - Sony Model 150
P0393,Video - HP Model 395
P0394,Audio - HP Model 878
P0395,Audio - HP Model 712
P0396,Video - Samsung Model 721
P0397,TV - HP Model 924
P0398,Audio - HP Model 666
P0399,Computer - Dell Model 530
P0400,Audio - Dell Model 236
P0401,Camera - LG Model 412
P0402,Video - Samsung Model 902
P0403,TV - Sony Model 701
P0404,Computer - HP Model 485
P0405,Camera - Apple Model 517
P0406,Computer - Sony Model 739
P0407,Computer - Apple Model 975
P0408,Computer - Apple Model 281
P0409,Audio - LG Model 809
P0410,Video - Sony Model 276
P0411,Video - Apple Model 761
P0412,Camera - LG Model 981
P0413,Video - Sony Model 948
P0414,TV - Sony Model 788
P0415,TV - HP Model 441
P0416,TV - Dell Model 459
P0417,Audio - Sony Model 835
P0418,Video - HP Model 314
P0419,Computer - Apple Model 822
P0420,Video - Sony Model 528
P0421,Video - HP Model 243
P0422,Computer - Samsung Model 868
P0423,Computer - Samsung Model 293
P0424,TV - Sony Model 213
P0425,Computer - LG Model 996
P0426,Video - Apple Model 899
P0427,Camera - Samsung Model 977
P0428,Camera - LG Model 186
P0429,TV - Samsung Model 490
P0430,Video - Sony Model 412
P0431,Computer - Apple Model 866
P0432,Video - HP Model 860
P0433,Video - Apple Model 150
P0434,Audio - LG Model 363
P0435,Camera - Apple Model 195
P0436,Computer - LG Model 599
P0437,Video - HP Model 568
P0438,Camera - Samsung Model 874
P0439,Audio - Dell Model 246
P0440,Video - Apple Model 647
P0441,Video - LG Model 181
P0442,Camera - Sony Model 914
P0443,Video - LG Model 622
P0444,Camera - Samsung Model 806
P0445,TV - LG Model 360
P0446,Video - HP Model 355
P0447,Audio - Samsung Model 152
P0448,TV - Apple Model 599
P0449,Camera - HP Model 463
P0450,Audio - Samsung Model 257
P0451,Computer - HP Model 826
P0452,Audio - Samsung Model 214
P0453,Audio - HP Model 620
P0454,Camera - Dell Model 380
P0455,Audio - HP Model 377
P0456,Computer - HP Model 103
P0457,Camera - Samsung Model 128
P0458,Video - Samsung Model 826
P0459,Video - Apple Model 937
P0460,Camera - Dell Model 141
P0461,TV - Sony Model 133
P0462,Audio - Dell Model 252
P0463,Camera - LG Model 698
P0464,Video - Samsung Model 441
P0465,Video - Apple Model 924
P0466,Computer - Samsung Model 367
P0467,Video - Sony Model 920
P0468,Camera - Dell Model 500
P0469,Camera - Dell Model 575
P0470,Camera - HP Model 675
P0471,Camera - LG Model 921
P0472,Computer - Sony Model 918
P0473,Video - LG Model 470
P0474,Camera - Dell Model 248
P0475,Computer - Apple Model 611
P0476,TV - Sony Model 286
P0477,Computer - HP Model 197
P0478,Video - Sony Model 861
P0479,TV - LG Model 566
P0480,Computer - LG Model 590
P0481,Audio - HP Model 606
P0482,Video - Apple Model 581
P0483,Audio - Samsung Model 549
P0484,Video - Sony Model 812
P0485,Audio - Sony Model 316
P0486,Video - Apple Model 715
P0487,Camera - Sony Model 138
P0488,Computer - Apple Model 597
P0489,Video - LG Model 271
P0490,Computer - HP Model 201
P0491,Camera - LG Model 374
P0492,Video - LG Model 916
P0493,Video - Sony Model 429
P0494,Audio - Sony Model 914
P0495,TV - HP Model 691
P0496,Computer - Dell Model 180
P0497,Video - HP Model 809
P0498,Audio - Samsung Model 188
P0499,TV - Apple Model 588
P0500,Video - Samsung Model 146
P0501,Camera - Sony Model 893
P0502,Video - HP Model 349
P0503,Video - Sony Model 982
P0504,Camera - Apple Model 826
P0505,Video - Samsung Model 322
P0506,TV - Apple Model 501
P0507,Computer - Samsung Model 714
P0508,Audio - HP Model 258
P0509,Computer - LG Model 287
P0510,Video - Samsung Model 230
P0511,Video - Apple Model 282
P0512,TV - Sony Model 615
P0513,Video - HP Model 496
P0514,Camera - Sony Model 115
P0515,Video - Samsung Model 207
P0516,Camera - Apple Model 269
P0517,Camera - HP Model 350
P0518,Video - Dell Model 373
P0519,Computer - Apple Model 138
P0520,TV - Dell Model 576
P0521,Video - LG Model 796
P0522,TV - Sony Model 365
P0523,Audio - LG Model 488
P0524,Audio - HP Model 788
P0525,Computer - Dell Model 241
P0526,Camera - LG Model 245
P0527,Video - Sony Model 531
P0528,Audio - Dell Model 684
P0529,Audio - Sony Model 443
P0530,TV - LG Model 286
P0531,Camera - Dell Model 160
P0532,Video - Apple Model 479
P0533,Computer - HP Model 944
P0534,Camera - Sony Model 810
P0535,TV - LG Model 670
P0536,TV - Dell Model 674
P0537,Video - Apple Model 592
P0538,Camera - Apple Model 325
P0539,Audio - Samsung Model 852
P0540,Camera - Apple Model 987
P0541,Video - Dell Model 153
P0542,Audio - Sony Model 198
P0543,TV - Samsung Model 852
P0544,Video - Apple Model 589
P0545,Computer - Samsung Model 949
P0546,Audio - Apple Model 259
P0547,Computer - HP Model 880
P0548,Video - Sony Model 428
P0549,TV - HP Model 456
P0550,Camera - Apple Model 716
P0551,Computer - Apple Model 640
P0552,Audio - Apple Model 837
P0553,TV - Samsung Model 620
P0554,Audio - Dell Model 494
P0555,Computer - Samsung Model 223
P0556,Computer - Dell Model 275
P0557,Camera - Samsung Model 553
P0558,Video - LG Model 787
P0559,Video - LG Model 692
P0560,Camera - Dell Model 323
P0561,Video - Apple Model 797
P0562,Computer - Samsung Model 139
P0563,Computer - Dell Model 848
P0564,Audio - HP Model 315
P0565,Computer - LG Model 452
P0566,Computer - Apple Model 915
P0567,Audio - Dell Model 462
P0568,Video - Sony Model 792
P0569,Camera - LG Model 290
P0570,Computer - HP Model 799
P0571,Video - Apple Model 656
P0572,Camera - Sony Model 130
P0573,Camera - Samsung Model 771
P0574,Computer - Dell Model 769
P0575,Camera - LG Model 357
P0576,Video - Dell Model 623
P0577,Camera - Dell Model 145
P0578,Computer - Sony Model 332
P0579,Audio - Samsung Model 799
P0580,Video - Apple Model 425
P0581,Computer - HP Model 554
P0582,Camera - Sony Model 323
P0583,Camera - LG Model 671
P0584,Video - Dell Model 377
P0585,TV - LG Model 963
P0586,TV - Samsung Model 423
P0587,Computer - Sony Model 623
P0588,Audio - Samsung Model 985
P0589,Audio - HP Model 573
P0590,Computer - Samsung Model 405
P0591,Video - LG Model 775
P0592,Computer - Apple Model 480
P0593,TV - Dell Model 132
P0594,Computer - Apple Model 669
P0595,Camera - Samsung Model 529
P0596,Camera - Dell Model 615
P0597,Audio - Apple Model 496
P0598,Audio - Dell Model 256
P0599,Computer - LG Model 899
P0600,Camera - HP Model 183
P0601,Computer - Apple Model 806
P0602,Audio - HP Model 847
P0603,TV - Dell Model 120
P0604,Video - Apple Model 183
P0605,Computer - Sony Model 552
P0606,Computer - Apple Model 356
P0607,Camera - LG Model 626
P0608,Camera - Dell Model 262
P0609,Audio - Sony Model 891
P0610,TV - Samsung Model 370
P0611,TV - Apple Model 683
P0612,TV - HP Model 756
P0613,Video - Dell Model 619
P0614,Computer - HP Model 661
P0615,TV - Apple Model 448
P0616,TV - Dell Model 635
P0617,TV - Samsung Model 998
P0618,TV - HP Model 626
P0619,Audio - HP Model 305
P0620,Audio - HP Model 335
P0621,TV - LG Model 620
P0622,Audio - LG Model 930
P0623,Video - Dell Model 485
P0624,Computer - Dell Model 820
P0625,Video - Samsung Model 419
P0626,Camera - HP Model 594
P0627,Computer - Dell Model 828
P0628,Audio - LG Model 201
P0629,Audio - Apple Model 313
P0630,Computer - Sony Model 500
P0631,TV - Sony Model 145
P0632,TV - LG Model 772
P0633,Camera - Samsung Model 964
P0634,Camera - Sony Model 900
P0635,Audio - Dell Model 688
P0636,TV - Samsung Model 202
P0637,Camera - HP Model 970
P0638,Camera - HP Model 221
P0639,Camera - Samsung Model 205
P0640,TV - Sony Model 971
P0641,Computer - Dell Model 734
P0642,Audio - HP Model 172
P0643,Audio - Samsung Model 815
P0644,Camera - LG Model 417
P0645,TV - HP Model 210
P0646,Computer - Apple Model 183
P0647,TV - HP Model 413
P0648,Camera - Apple Model 226
P0649,Audio - LG Model 973
P0650,Computer - Samsung Model 111
P0651,TV - Dell Model 636
P0652,Video - Apple Model 221
P0653,Computer - HP Model 455
P0654,Video - Dell Model 730
P0655,Video - Apple Model 911
P0656,Camera - HP Model 822
P0657,Video - Sony Model 158
P0658,Computer - LG Model 813
P0659,Computer - Apple Model 544
P0660,Video - HP Model 306
P0661,Audio - LG Model 916
P0662,Video - Samsung Model 123
P0663,TV - Dell Model 615
P0664,TV - LG Model 481
P0665,TV - LG Model 251
P0666,Camera - Sony Model 707
P0667,Audio - LG Model 349
P0668,Video - Samsung Model 611
P0669,TV - Samsung Model 434
P0670,Camera - LG Model 873
P0671,Camera - Apple Model 470
P0672,Camera - HP Model 736
P0673,TV - Apple Model 336
P0674,Camera - Dell Model 836
P0675,Computer - Samsung Model 619
P0676,TV - HP Model 698
P0677,Camera - LG Model 625
P0678,Camera - Dell Model 936
P0679,Video - Sony Model 417
P0680,TV - Dell Model 722
P0681,Audio - LG Model 229
P0682,Audio - Apple Model 956
P0683,Audio - LG Model 165
P0684,Computer - Dell Model 360
P0685,Audio - LG Model 775
P0686,Video - Apple Model 109
P0687,Computer - HP Model 369
P0688,Camera - Dell Model 877
P0689,TV - HP Model 460
P0690,Audio - Dell Model 375
P0691,Computer - LG Model 612
P0692,Audio - HP Model 383
P0693,Audio - Apple Model 786
P0694,Video - LG Model 264
P0695,Audio - Sony Model 731
P0696,TV - LG Model 466
P0697,TV - Apple Model 981
P0698,Camera - Sony Model 610
P0699,Video - LG Model 381
P0700,Video - Sony Model 218
P0701,Computer - HP Model 584
P0702,Video - Apple Model 936
P0703,Audio - Sony Model 790
P0704,TV - Samsung Model 375
P0705,Video - Samsung Model 315
P0706,Computer - Apple Model 225
P0707,Camera - Sony Model 405
P0708,Video - Sony Model 138
P0709,Computer - Samsung Model 527
P0710,TV - HP Model 912
P0711,TV - Samsung Model 845
P0712,TV - Samsung Model 440
P0713,Audio - Dell Model 451
P0714,Video - HP Model 274
P0715,Camera - Sony Model 410
P0716,Camera - Apple Model 513
P0717,Camera - Samsung Model 244
P0718,Camera - Sony Model 687
P0719,Computer - Sony Model 913
P0720,TV - Sony Model 100
P0721,Computer - HP Model 152
P0722,Video - Sony Model 701
P0723,TV - Samsung Model 803
P0724,Audio - Sony Model 780
P0725,Audio - Dell Model 684
P0726,Video - Dell Model 258
P0727,Audio - Apple Model 423
P0728,Camera - Dell Model 201
P0729,TV - HP Model 118
P0730,Camera - Samsung Model 496
P0731,Audio - Apple Model 464
P0732,Computer - Sony Model 443
P0733,Audio - Dell Model 754
P0734,Audio - LG Model 810
P0735,Video - Apple Model 927
P0736,Video - Sony Model 516
P0737,Audio - Sony Model 390
P0738,TV - HP Model 366
P0739,Computer - HP Model 941
P0740,Camera - HP Model 876
P0741,Computer - Dell Model 893
P0742,Camera - HP Model 728
P0743,Video - Samsung Model 764
P0744,TV - Dell Model 403
P0745,Video - LG Model 839
P0746,Computer - HP Model 913
P0747,Camera - LG Model 990
P0748,Computer - Dell Model 120
P0749,Computer - Dell Model 223
P0750,Audio - LG Model 814
P0751,Computer - LG Model 888
P0752,Video - HP Model 886
P0753,Camera - HP Model 992
P0754,TV - Dell Model 663
P0755,Computer - Dell Model 850
P0756,TV - Apple Model 747
P0757,Camera - LG Model 769
P0758,Camera - Samsung Model 688
P0759,TV - Samsung Model 444
P0760,Computer - LG Model 685
P0761,Video - Sony Model 544
P0762,Camera - LG Model 183
P0763,TV - HP Model 874
P0764,Audio - LG Model 475
P0765,Video - Samsung Model 658
P0766,Computer - Dell Model 986
P0767,Video - HP Model 319
P0768,Audio - Samsung Model 620
P0769,Camera - Samsung Model 732
P0770,Video - Samsung Model 683
P0771,Audio - Samsung Model 958
P0772,Video - LG Model 149
P0773,Computer - LG Model 159
P0774,Camera - Sony Model 245
P0775,Computer - LG Model 538
P0776,Camera - Dell Model 786
P0777,Audio - Apple Model 207
P0778,Camera - Sony Model 730
P0779,Video - Sony Model 761
P0780,Video - Apple Model 554
P0781,Computer - Samsung Model 689
P0782,Video - Dell Model 540
P0783,Audio - Samsung Model 419
P0784,Computer - Dell Model 757
P0785,Computer - Samsung Model 473
P0786,Video - Sony Model 852
P0787,Computer - LG Model 401
P0788,Computer - LG Model 317
P0789,Camera - Dell Model 135
P0790,Video - Sony Model 775
P0791,Computer - Sony Model 747
P0792,Audio - Apple Model 169
P0793,Audio - LG Model 880
P0794,Audio - LG Model 741
P0795,TV - Dell Model 527
P0796,Computer - Dell Model 875
P0797,Camera - Apple Model 911
P0798,Video - Samsung Model 358
P0799,Camera - LG Model 869
P0800,Audio - Apple Model 453
P0801,TV - HP Model 911
P0802,Camera - LG Model 552
P0803,Video - Dell Model 386
P0804,Audio - Samsung Model 545
P0805,Audio - LG Model 756
P0806,TV - LG Model 614
P0807,Video - LG Model 726
P0808,Video - LG Model 971
P0809,TV - Sony Model 732
P0810,Video - LG Model 505
P0811,Camera - Sony Model 883
P0812,TV - HP Model 599
P0813,Camera - Dell Model 753
P0814,TV - Sony Model 762
P0815,Camera - Dell Model 677
P0816,Audio - Dell Model 869
P0817,Computer - Sony Model 548
P0818,Computer - Apple Model 279
P0819,Camera - LG Model 565
P0820,Computer - HP Model 242
P0821,TV - Dell Model 343
P0822,Camera - LG Model 338
P0823,Audio - Samsung Model 777
P0824,Camera - Dell Model 902
P0825,Camera - HP Model 561
P0826,Computer - LG Model 625
P0827,Audio - Dell Model 774
P0828,Camera - Apple Model 229
P0829,Computer - Samsung Model 305
P0830,TV - Samsung Model 867
P0831,Camera - Sony Model 892
P0832,Video - HP Model 388
P0833,TV - HP Model 932
P0834,Video - LG Model 998
P0835,Computer - Sony Model 124
P0836,Video - Dell Model 581
P0837,Video - Samsung Model 636
P0838,TV - Dell Model 111
P0839,TV - Dell Model 642
P0840,TV - Samsung Model 927
P0841,Video - Apple Model 353
P0842,Camera - LG Model 762
P0843,Computer - Apple Model 616
P0844,Computer - Samsung Model 877
P0845,Audio - Samsung Model 481
P0846,Computer - Samsung Model 352
P0847,Audio - Apple Model 198
P0848,Video - Sony Model 255
P0849,Computer - LG Model 708
P0850,TV - LG Model 714
P0851,Audio - Dell Model 458
P0852,TV - LG Model 320
P0853,TV - LG Model 223
P0854,Camera - Dell Model 727
P0855,Video - Apple Model 618
P0856,Computer - LG Model 625
P0857,Video - Dell Model 697
P0858,Video - HP Model 282
P0859,Camera - HP Model 830
P0860,Video - HP Model 841
P0861,Video - Samsung Model 570
P0862,Camera - Dell Model 164
P0863,Video - Dell Model 341
P0864,Video - Dell Model 792
P0865,Camera - Dell Model 272
P0866,TV - Sony Model 596
P0867,TV - Apple Model 802
P0868,Video - LG Model 867
P0869,Video - Samsung Model 609
P0870,TV - Samsung Model 663
P0871,TV - Samsung Model 843
P0872,Computer - Sony Model 832
P0873,TV - Dell Model 521
P0874,Camera - Dell Model 653
P0875,Video - Sony Model 204
P0876,Audio - Sony Model 524
P0877,Audio - Samsung Model 671
P0878,Video - Sony Model 109
P0879,Camera - Samsung Model 331
P0880,Video - LG Model 814
P0881,Camera - Apple Model 825
P0882,Audio - Sony Model 954
P0883,Video - Apple Model 680
P0884,TV - Sony Model 186
P0885,Video - Dell Model 299
P0886,Audio - Apple Model 484
P0887,Video - Apple Model 507
P0888,Computer - Sony Model 744
P0889,TV - Dell Model 331
P0890,Camera - HP Model 327
P0891,Computer - LG Model 498
P0892,Computer - Apple Model 639
P0893,Computer - Apple Model 541
P0894,Video - Dell Model 449
P0895,Camera - HP Model 722
P0896,TV - Sony Model 322
P0897,Audio - Sony Model 562
P0898,Camera - Apple Model 660
P0899,TV - HP Model 935
P0900,Audio - Sony Model 316
P0901,Camera - HP Model 866
P0902,Camera - Samsung Model 248
P0903,TV - LG Model 958
P0904,Camera - HP Model 880
P0905,Video - LG Model 325
P0906,Computer - Samsung Model 882
P0907,Audio - Samsung Model 282
P0908,Audio - Sony Model 587
P0909,Computer - HP Model 223
P0910,Camera - Sony Model 725
P0911,TV - HP Model 824
P0912,TV - Apple Model 785
P0913,Audio - Dell Model 221
P0914,Audio - LG Model 332
P0915,Camera - Dell Model 496
P0916,Video - HP Model 401
P0917,TV - Apple Model 355
P0918,Computer - Sony Model 633
P0919,TV - Dell Model 880
P0920,Camera - Samsung Model 640
P0921,Video - LG Model 382
P0922,Camera - Apple Model 506
P0923,TV - Dell Model 377
P0924,Computer - Dell Model 800
P0925,Audio - Apple Model 802
P0926,Computer - Dell Model 129
P0927,TV - Sony Model 227
P0928,Video - Samsung Model 285
P0929,Audio - LG Model 360
P0930,Computer - Sony Model 203
P0931,Computer - Samsung Model 965
P0932,Computer - Sony Model 109
P0933,Video - HP Model 330
P0934,Computer - Apple Model 165
P0935,Audio - Dell Model 492
P0936,TV - LG Model 697
P0937,Camera - Samsung Model 413
P0938,TV - Sony Model 113
P0939,Audio - Samsung Model 536
P0940,Audio - LG Model 686
P0941,Computer - HP Model 923
P0942,Computer - Dell Model 797
P0943,TV - Dell Model 231
P0944,TV - Samsung Model 635
P0945,Computer - Samsung Model 904
P0946,Video - HP Model 970
P0947,Video - Samsung Model 137
P0948,TV - LG Model 156
P0949,Video - LG Model 372
P0950,TV - Dell Model 625
P0951,Computer - Dell Model 435
P0952,Camera - LG Model 987
P0953,Camera - HP Model 693
P0954,Computer - LG Model 159
P0955,Computer - Sony Model 418
P0956,Computer - HP Model 763
P0957,Video - LG Model 641
P0958,Camera - HP Model 216
P0959,TV - Apple Model 531
P0960,Video - LG Model 449
P0961,Audio - Sony Model 245
P0962,TV - Sony Model 862
P0963,TV - Apple Model 402
P0964,Computer - Sony Model 217
P0965,Video - Sony Model 500
P0966,TV - LG Model 851
P0967,Computer - HP Model 658
P0968,TV - Apple Model 970
P0969,Audio - Samsung Model 499
P0970,Video - Sony Model 599
P0971,Video - Samsung Model 149
P0972,Computer - Dell Model 718
P0973,Audio - HP Model 353
P0974,Video - HP Model 948
P0975,Computer - Dell Model 662
P0976,Video - Apple Model 525
P0977,Computer - HP Model 680
P0978,Video - Dell Model 148
P0979,Video - Samsung Model 803
P0980,Video - LG Model 681
P0981,Camera - LG Model 737
P0982,Camera - Apple Model 740
P0983,Audio - LG Model 937
P0984,Audio - HP Model 785
P0985,TV - LG Model 287
P0986,Audio - LG Model 763
P0987,Audio - LG Model 824
P0988,TV - Samsung Model 513
P0989,TV - Apple Model 319
P0990,Camera - HP Model 717
P0991,Audio - Dell Model 681
P0992,TV - Sony Model 912
P0993,TV - Apple Model 695
P0994,Camera - Samsung Model 974
P0995,Audio - Dell Model 295
P0996,Camera - Sony Model 618
P0997,Camera - Apple Model 247
P0998,Video - Samsung Model 765
P0999,TV - HP Model 412
P1000,Video - Samsung Model 120
